1,Google.com
2,Facebook.com
3,Youtube.com
4,Yahoo.com
5,Baidu.com
6,Wikipedia.org
7,Amazon.com
8,Twitter.com
9,Qq.com
10,Linkedin.com
11,Taobao.com
12,Google.co.in
13,Live.com
14,Hao123.com
15,Sina.com.cn
16,Blogspot.com
17,Weibo.com
18,Yahoo.co.jp
19,Tmall.com
20,Bing.com
21,Yandex.ru
22,Sohu.com
23,Pinterest.com
24,Ebay.com
25,Google.de
26,Vk.com
27,Wordpress.com
28,Google.co.jp
29,Google.co.uk
30,Apple.com
31,Instagram.com
32,Google.fr
33,360.cn
34,Msn.com
35,Ask.com
36,Google.com.br
37,Soso.com
38,Paypal.com
39,Xvideos.com
40,Tumblr.com
41,Mail.ru
42,Microsoft.com
43,Reddit.com
44,Google.ru
45,Imgur.com
46,Google.it
47,Google.es
48,Imdb.com
49,163.com
50,T.co
51,Aliexpress.com
52,Go.com
53,Craigslist.org
54,Adcash.com
55,Amazon.co.jp
56,Google.com.mx
57,Stackoverflow.com
58,Alibaba.com
59,Xhamster.com
60,Fc2.com
61,Google.ca
62,Bbc.co.uk
63,Cnn.com
64,Espn.go.com
65,Google.co.id
66,People.com.cn
67,Gmw.cn
68,Blogger.com
69,Pornhub.com
70,Huffingtonpost.com
71,Wordpress.org
72,Google.com.tr
73,Amazon.de
74,Googleusercontent.com
75,Kickass.to
76,Netflix.com
77,Adobe.com
78,Akamaihd.net
79,Google.com.au
80,Xinhuanet.com
81,Onclickads.net
82,Ebay.de
83,Google.pl
84,Flipkart.com
85,Odnoklassniki.ru
86,Dailymotion.com
87,Dailymail.co.uk
88,Google.com.hk
89,Thepiratebay.se
90,Rakuten.co.jp
91,Xnxx.com
92,Indiatimes.com
93,Chinadaily.com.cn
94,About.com
95,Tudou.com
96,Themeforest.net
97,Cnet.com
98,Amazon.co.uk
99,Vimeo.com
100,Blogspot.in
101,Bp.blogspot.com
102,Uol.com.br
103,Dropbox.com
104,Redtube.com
105,Flickr.com
106,Ebay.co.uk
107,Mozilla.org
108,Godaddy.com
109,China.com
110,Google.com.ar
111,Booking.com
112,Aol.com
113,Outbrain.com
114,Nytimes.com
115,Buzzfeed.com
116,Pixnet.net
117,Alipay.com
118,Sogou.com
119,Google.com.sa
120,Google.com.tw
121,Youporn.com
122,Globo.com
123,Google.com.eg
124,Slideshare.net
125,W3schools.com
126,Pconline.com.cn
127,Forbes.com
128,Yelp.com
129,Amazonaws.com
130,Livejasmin.com
131,Google.com.pk
132,Google.nl
133,Gmail.com
134,Ameblo.jp
135,Theguardian.com
136,Bbc.com
137,Mailchimp.com
138,Wikihow.com
139,Hootsuite.com
140,Directrev.com
141,Weather.com
142,Google.co.za
143,Secureserver.net
144,Salesforce.com
145,Answers.com
146,Wikia.com
147,Google.co.th
148,Adf.ly
149,Fiverr.com
150,Ettoday.net
151,Zol.com.cn
152,So.com
153,Amazon.in
154,Archive.org
155,Stumbleupon.com
156,Livejournal.com
157,Businessinsider.com
158,Stackexchange.com
159,Google.co.ve
160,Github.com
161,Aili.com
162,Avg.com
163,Torrentz.eu
164,Spiegel.de
165,Foxnews.com
166,Yaolan.com
167,Indeed.com
168,Chase.com
169,Mama.cn
170,Deviantart.com
171,Files.wordpress.com
172,Loading-delivery1.com
173,Bankofamerica.com
174,Walmart.com
175,Skype.com
176,Xcar.com.cn
177,Addthis.com
178,Jabong.com
179,Coccoc.com
180,Hostgator.com
181,Sourceforge.net
182,39.net
183,Livedoor.jp
184,Moz.com
185,Google.gr
186,Blogfa.com
187,Zillow.com
188,Shutterstock.com
189,Caijing.com.cn
190,Baomihua.com
191,Mashable.com
192,Statcounter.com
193,Aweber.com
194,Mediafire.com
195,Snapdeal.com
196,Doublepimp.com
197,Naver.jp
198,Liveinternet.ru
199,Telegraph.co.uk
200,Badoo.com
201,Wikimedia.org
202,Nfl.com
203,Mystart.com
204,Google.com.co
205,Google.com.my
206,Naver.com
207,Wix.com
208,Onet.pl
209,Allegro.pl
210,Google.be
211,Nicovideo.jp
212,Pchome.net
213,Superiends.org
214,Google.com.ng
215,Google.com.ua
216,Wordreference.com
217,Tripadvisor.com
218,Youradexchange.com
219,Dmm.co.jp
220,9gag.com
221,Etsy.com
222,Tollbahsuburban.com
223,Ikea.com
224,Twitch.tv
225,4shared.com
226,1688.com
227,Google.com.vn
228,China.com.cn
229,Diply.com
230,Soundcloud.com
231,Life.com.tw
232,Wellsfargo.com
233,Avito.ru
234,Weebly.com
235,Wsj.com
236,Bongacams.com
237,Leboncoin.fr
238,Bild.de
239,Gome.com.cn
240,Google.se
241,Bet365.com
242,Livedoor.com
243,Tube8.com
244,Rt.com
245,Popads.net
246,Ndtv.com
247,Google.ro
248,Zeobit.com
249,Google.at
250,Ups.com
251,Reference.com
252,Bleacherreport.com
253,Bitauto.com
254,Microsoftonline.com
255,Huanqiu.com
256,Google.com.ph
257,Goo.ne.jp
258,Pandora.com
259,Amazon.fr
260,Php.net
261,Usatoday.com
262,Media1first.com
263,Google.dz
264,Varzesh3.com
265,Codecanyon.net
266,Gsmarena.com
267,Softonic.com
268,Webssearches.com
269,Google.com.pe
270,Tmz.com
271,Reuters.com
272,Washingtonpost.com
273,Chinaz.com
274,Zedo.com
275,Photobucket.com
276,Disqus.com
277,Speedtest.net
278,Rambler.ru
279,Clkmon.com
280,Infusionsoft.com
281,Google.cl
282,Ask.fm
283,Lady8844.com
284,Google.co.kr
285,Domaintools.com
286,Wp.pl
287,Xgo.com.cn
288,Neobux.com
289,Google.com.sg
290,Jrj.com.cn
291,Comcast.net
292,Goodreads.com
293,Google.pt
294,Meetup.com
295,Google.ch
296,Theladbible.com
297,Usps.com
298,Espncricinfo.com
299,Quikr.com
300,Samsung.com
301,Gmx.net
302,Cpmterra.com
303,Warriorforum.com
304,Babytree.com
305,Hp.com
306,Xywy.com
307,Hurriyet.com.tr
308,Fedex.com
309,Marca.com
310,Media.tumblr.com
311,Google.com.bd
312,Hdfcbank.com
313,Tubecup.com
314,Ebay.in
315,Ad120m.com
316,Rediff.com
317,Douban.com
318,Ifeng.com
319,Gogorithm.com
320,Github.io
321,Time.com
322,Mercadolivre.com.br
323,Ehow.com
324,El-balad.com
325,Gigacircle.com
326,Rutracker.org
327,Ign.com
328,Histats.com
329,Quora.com
330,Zendesk.com
331,Icicibank.com
332,Scribd.com
333,Repubblica.it
334,Att.com
335,Taringa.net
336,Blogspot.com.es
337,Goo.gl
338,Bestbuy.com
339,Americanexpress.com
340,Goal.com
341,Extratorrent.cc
342,Cnzz.com
343,Google.cz
344,Bluehost.com
345,Gfycat.com
346,Webmd.com
347,Milliyet.com.tr
348,Engadget.com
349,B5m.com
350,Constantcontact.com
351,Daum.net
352,Force.com
353,Conduit.com
354,Nih.gov
355,Xuite.net
356,Chexun.com
357,Tianya.cn
358,Web.de
359,Techcrunch.com
360,Bitly.com
361,Kaskus.co.id
362,Thesaurus.com
363,Feedly.com
364,Free.fr
365,Thefreedictionary.com
366,Bloomberg.com
367,Google.az
368,Kakaku.com
369,Groupon.com
370,Olx.in
371,4chan.org
372,Rbc.ru
373,Target.com
374,Uploaded.net
375,Cbssports.com
376,Zippyshare.com
377,Hudong.com
378,Ebay.it
379,Turboloves.net
380,Google.ie
381,4dsply.com
382,Ci123.com
383,Amazon.it
384,Getresponse.com
385,Yesky.com
386,Coreclickhoo.com
387,Elmundo.es
388,List-manage.com
389,Google.ae
390,Cj.com
391,Google.no
392,Lifehacker.com
393,Semrush.com
394,Taboola.com
395,Goodgamestudios.com
396,Kompas.com
397,Likes.com
398,Jqw.com
399,Seznam.cz
400,Elpais.com
401,Detik.com
402,Issuu.com
403,Mlb.com
404,Capitalone.com
405,Google.hu
406,Sahibinden.com
407,Udn.com
408,Intoday.in
409,Pof.com
410,Ameba.jp
411,Kooora.com
412,Acesse.com
413,Accuweather.com
414,Drudgereport.com
415,Eastday.com
416,Youm7.com
417,Clickbank.com
418,Homedepot.com
419,Trovi.com
420,Ebay.com.au
421,Corriere.it
422,Beeg.com
423,Verizonwireless.com
424,In.com
425,Inclk.com
426,Youjizz.com
427,Gameforge.com
428,Youth.cn
429,Amazon.cn
430,Hulu.com
431,Justdial.com
432,Istockphoto.com
433,Abril.com.br
434,Abcnews.go.com
435,Yandex.ua
436,Lemonde.fr
437,Libero.it
438,Dell.com
439,Google.co.il
440,Shareasale.com
441,Google.fi
442,W3.org
443,T-online.de
444,Xe.com
445,Naukri.com
446,Probux.com
447,Popcash.net
448,Intuit.com
449,Lenta.ru
450,Orange.fr
451,Chaturbate.com
452,Gizmodo.com
453,Ixxx.com
454,17ok.com
455,Lefigaro.fr
456,Stockstar.com
457,Ero-advertising.com
458,Independent.co.uk
459,Lenovo.com
460,Okcupid.com
461,Nydailynews.com
462,Clicksvenue.com
463,Pcbaby.com.cn
464,Chinatimes.com
465,Uimserv.net
466,Battle.net
467,Avira.com
468,Google.dk
469,Onlylady.com
470,Privatehomeclips.com
471,Bycontext.com
472,Oracle.com
473,Hubpages.com
474,Mirror.co.uk
475,Odesk.com
476,Icmwebserv.com
477,Cloudfront.net
478,Hardsextube.com
479,Trulia.com
480,Twimg.com
481,Nbcnews.com
482,Ganji.com
483,Fbcdn.net
484,Blogspot.mx
485,Mercadolibre.com.ar
486,Onlinesbi.com
487,Surveymonkey.com
488,Retailmenot.com
489,Subscene.com
490,Jimdo.com
491,Liputan6.com
492,Steampowered.com
493,Steamcommunity.com
494,Exoclick.com
495,Trovigo.com
496,Iqiyi.com
497,Glassdoor.com
498,Java.com
499,Expedia.com
500,Sabq.org
